x1,y1,x2,y2,confidence,class
369.66766,250.15132,27.499056,52.228287,0.51310235,0.0011369063
369.7262,250.15163,27.577322,52.190468,0.5133705,0.0011750321
