x1,y1,x2,y2,confidence,class
503.6944,437.43335,272.84857,400.88727,0.7027581,0.9524684
504.73938,438.12888,267.95062,405.52338,0.58213645,0.9938372
504.0893,437.30002,272.28653,399.5067,0.6987656,0.9833106
504.4617,437.23743,271.61673,400.7177,0.57362175,0.99777967
