x1,y1,x2,y2,confidence,class
183.44797,396.05902,343.00717,485.48273,0.5131587,0.9959812
182.76399,398.25076,352.56046,477.4954,0.9036778,0.99800295
183.1231,397.3117,355.6351,475.50793,0.67925924,0.9779188
182.54684,398.08936,354.01233,477.62775,0.8977613,0.99832433
183.39232,397.59833,360.33414,477.84857,0.6817126,0.9857357
