x1,y1,x2,y2,confidence,class
148.0182,318.1653,241.054,423.8641,0.72738636,0.0013773305
146.90514,318.1444,239.75142,412.88684,0.65348375,0.00091727154
148.29816,317.66876,242.0344,424.0237,0.71578807,0.0015969587
146.98988,318.0077,240.26158,413.7116,0.6290787,0.0013116254
