x1,y1,x2,y2,confidence,class
429.3686,311.89224,203.8724,405.45303,0.5757981,0.0025450226
427.34515,317.28778,204.67326,378.82343,0.52779824,0.0023009705
429.36374,312.28058,203.58237,409.51187,0.55778396,0.0027223313
427.34668,317.96356,204.96902,376.8843,0.51741785,0.0032696894
