x1,y1,x2,y2,confidence,class
339.7755,279.46326,191.2937,441.6468,0.7859037,0.0056339316
336.118,292.318,194.5799,426.78818,0.6745709,0.012458228
339.54556,279.73984,191.58331,442.11005,0.7798322,0.008874005
335.98618,292.43408,195.77197,427.85126,0.675215,0.018547814
