x1,y1,x2,y2,confidence,class
188.95865,460.11346,69.08254,113.935265,0.6253441,0.9940467
189.00171,460.14145,68.48923,114.287445,0.6236848,0.99534374
189.00406,459.909,68.80021,113.79752,0.624261,0.99617577
188.3512,459.9702,68.851814,117.238495,0.54291654,0.86125284
189.22256,459.18665,66.90797,114.924995,0.5446333,0.99301356
188.46497,459.83252,68.576744,117.634605,0.55923873,0.88279754
189.12585,459.57794,67.33854,114.8479,0.54017055,0.9956255
