x1,y1,x2,y2,confidence,class
155.32065,396.53314,298.0842,237.43875,0.5829957,0.0013163277
156.24887,398.03787,296.0199,239.61104,0.61627305,0.0018169605
155.26959,396.184,298.0474,239.59247,0.58100504,0.0012237966
156.42432,397.51315,295.66562,239.74568,0.6028187,0.0016921777
155.53317,395.80206,299.121,238.73747,0.5691413,0.0014380984
156.82716,397.082,294.70554,239.21478,0.58591694,0.002028141
