x1,y1,x2,y2,confidence,class
475.44965,469.66525,306.11227,187.36919,0.6799071,0.93510103
474.4289,470.1375,306.2914,186.39479,0.5045804,0.9555449
474.94034,471.7169,310.003,188.57683,0.52218705,0.89812446
475.511,469.69446,305.21152,186.5156,0.6900305,0.9426524
474.5533,470.18985,306.48352,185.51215,0.5113782,0.9631212
475.0906,472.39667,309.2254,187.82947,0.53277373,0.9035547
475.51556,469.6515,304.74692,186.8096,0.700071,0.95029396
180.64417,485.4499,366.54553,301.54773,0.50875425,0.99306023
474.6435,472.66214,308.02344,187.76936,0.5647694,0.9207006
