x1,y1,x2,y2,confidence,class
346.72473,274.22632,477.82062,504.92038,0.5246052,0.97909755
360.54126,273.6502,512.6637,502.7392,0.647732,0.9447521
349.3039,275.1754,487.51907,507.6241,0.5642186,0.97645426
360.3283,275.11807,523.3582,507.2809,0.6850967,0.9270847
