x1,y1,x2,y2,confidence,class
410.0445,378.06744,471.1616,523.56665,0.54786646,0.99021435
411.1006,391.30948,469.53336,493.73297,0.68756104,0.9949555
408.96722,377.86685,458.42157,513.5764,0.5495878,0.9956956
409.41986,391.57263,458.21,480.83157,0.7015505,0.9980002
