x1,y1,x2,y2,confidence,class
369.6718,250.17252,27.6686,51.975006,0.5160919,0.001185067
369.73062,250.17389,27.761112,51.93494,0.5159855,0.0012283454
