x1,y1,x2,y2,confidence,class
227.48589,394.2985,431.45258,492.47888,0.63609,0.9975049
229.33017,391.9026,442.05478,489.60983,0.68072873,0.998324
227.41122,393.95798,433.92264,492.64105,0.6282334,0.9982558
229.45496,391.5877,448.10013,491.3353,0.67256093,0.9988931
