x1,y1,x2,y2,confidence,class
300.79953,377.981,577.4509,530.0301,0.5062796,0.32376024
297.2119,379.27127,595.92834,537.1953,0.56011724,0.34579825
