x1,y1,x2,y2,confidence,class
243.9492,317.544,302.5146,401.64194,0.71148306,0.004561467
246.04807,316.41946,304.93835,399.75015,0.63383317,0.0024372325
244.52406,317.13153,302.7407,401.8949,0.7075875,0.005215297
246.46411,316.53226,304.72394,397.57626,0.6342731,0.0036516523
